id,name,model_id:id,group_id:id,perm_read,perm_write,perm_create,perm_unlink
access_acs_patient_procedure_nurse_dashboard,acs.patient.procedure nurse dashboard,acs_hms.model_acs_patient_procedure,acs_hms.group_hms_nurse,1,1,0,0
access_acs_dialysis_absence_receptionist,acs.dialysis.absence receptionist,acs_hms_nephrology_dashboard.model_acs_dialysis_absence,acs_hms.group_hms_receptionist,1,1,1,1
access_acs_dialysis_absence_physician,acs.dialysis.absence physician,acs_hms_nephrology_dashboard.model_acs_dialysis_absence,acs_hms.group_hms_doctor,1,1,0,0
access_acs_dialysis_waitlist_receptionist,acs.dialysis.waitlist receptionist,acs_hms_nephrology_dashboard.model_acs_dialysis_waitlist,acs_hms.group_hms_receptionist,1,1,1,1
access_acs_dialysis_waitlist_physician,acs.dialysis.waitlist physician,acs_hms_nephrology_dashboard.model_acs_dialysis_waitlist,acs_hms.group_hms_doctor,1,1,0,0
access_dialysis_session_reschedule_receptionist,dialysis.session.reschedule receptionist,acs_hms_nephrology_dashboard.model_dialysis_session_reschedule,acs_hms.group_hms_receptionist,1,1,1,1
access_dialysis_session_reschedule_nurse,dialysis.session.reschedule nurse,acs_hms_nephrology_dashboard.model_dialysis_session_reschedule,acs_hms.group_hms_nurse,1,1,1,1
access_acs_dialysis_absence_nurse,acs.dialysis.absence nurse,acs_hms_nephrology_dashboard.model_acs_dialysis_absence,acs_hms.group_hms_nurse,1,0,0,0
access_acs_dialysis_waitlist_nurse,acs.dialysis.waitlist nurse,acs_hms_nephrology_dashboard.model_acs_dialysis_waitlist,acs_hms.group_hms_nurse,1,0,0,0
